Model,Precision,Recall,F1,Accuracy,AUC
Random Forest,0.7422733077905491,0.4565593087195601,0.5653696498054475,0.8970008529472786,0.7146496765135597
Decision Tree,0.6011069381300652,0.4777690494893951,0.5323879551820728,0.8768528550681205,0.7116245690522568
CatBoost,0.8054786939679026,0.4573448546739984,0.5834251929051008,0.904170220613661,0.7191760205719914
